{
  "rows": 401,
  "high_confidence_threshold": 0.85,
  "llm_calls": 122,
  "local": {
    "accuracy": 0.8827930174563591,
    "confusion_matrix": [
      [
        214,
        12
      ],
      [
        35,
        140
      ]
    ],
    "classification_report": {
      "0": {
        "precision": 0.8594377510040161,
        "recall": 0.9469026548672567,
        "f1-score": 0.9010526315789473,
        "support": 226.0
      },
      "1": {
        "precision": 0.9210526315789473,
        "recall": 0.8,
        "f1-score": 0.8562691131498471,
        "support": 175.0
      },
      "accuracy": 0.8827930174563591,
      "macro avg": {
        "precision": 0.8902451912914817,
        "recall": 0.8734513274336284,
        "f1-score": 0.8786608723643972,
        "support": 401.0
      },
      "weighted avg": {
        "precision": 0.8863270380379636,
        "recall": 0.8827930174563591,
        "f1-score": 0.8815087020899385,
        "support": 401.0
      }
    }
  },
  "strategy_a_deepseek_if_reviewed": {
    "accuracy": 0.8703241895261845,
    "confusion_matrix": [
      [
        210,
        16
      ],
      [
        36,
        139
      ]
    ],
    "classification_report": {
      "0": {
        "precision": 0.8536585365853658,
        "recall": 0.9292035398230089,
        "f1-score": 0.8898305084745762,
        "support": 226.0
      },
      "1": {
        "precision": 0.896774193548387,
        "recall": 0.7942857142857143,
        "f1-score": 0.8424242424242424,
        "support": 175.0
      },
      "accuracy": 0.8703241895261845,
      "macro avg": {
        "precision": 0.8752163650668765,
        "recall": 0.8617446270543616,
        "f1-score": 0.8661273754494093,
        "support": 401.0
      },
      "weighted avg": {
        "precision": 0.872474596357258,
        "recall": 0.8703241895261845,
        "f1-score": 0.8691419883777971,
        "support": 401.0
      }
    }
  },
  "strategy_b_deepseek_if_topk_agree": {
    "accuracy": 0.8703241895261845,
    "confusion_matrix": [
      [
        210,
        16
      ],
      [
        36,
        139
      ]
    ],
    "classification_report": {
      "0": {
        "precision": 0.8536585365853658,
        "recall": 0.9292035398230089,
        "f1-score": 0.8898305084745762,
        "support": 226.0
      },
      "1": {
        "precision": 0.896774193548387,
        "recall": 0.7942857142857143,
        "f1-score": 0.8424242424242424,
        "support": 175.0
      },
      "accuracy": 0.8703241895261845,
      "macro avg": {
        "precision": 0.8752163650668765,
        "recall": 0.8617446270543616,
        "f1-score": 0.8661273754494093,
        "support": 401.0
      },
      "weighted avg": {
        "precision": 0.872474596357258,
        "recall": 0.8703241895261845,
        "f1-score": 0.8691419883777971,
        "support": 401.0
      }
    }
  }
}