{
  "mode": "local_ensemble",
  "use_llm": false,
  "rows": 401,
  "accuracy": 0.8827930174563591,
  "classification_report": {
    "0": {
      "precision": 0.8594377510040161,
      "recall": 0.9469026548672567,
      "f1-score": 0.9010526315789473,
      "support": 226.0
    },
    "1": {
      "precision": 0.9210526315789473,
      "recall": 0.8,
      "f1-score": 0.8562691131498471,
      "support": 175.0
    },
    "accuracy": 0.8827930174563591,
    "macro avg": {
      "precision": 0.8902451912914817,
      "recall": 0.8734513274336284,
      "f1-score": 0.8786608723643972,
      "support": 401.0
    },
    "weighted avg": {
      "precision": 0.8863270380379636,
      "recall": 0.8827930174563591,
      "f1-score": 0.8815087020899385,
      "support": 401.0
    }
  },
  "confusion_matrix": [
    [
      214,
      12
    ],
    [
      35,
      140
    ]
  ]
}