{
  "mode": "oracle_simulation",
  "rows": 401,
  "reviewed_count": 20,
  "corrected_count": 5,
  "recovered_fn": 5,
  "introduced_fp": 0,
  "accuracy": 0.9002493765586035,
  "classification_report": {
    "0": {
      "precision": 0.8780487804878049,
      "recall": 0.9557522123893806,
      "f1-score": 0.9152542372881356,
      "support": 226.0
    },
    "1": {
      "precision": 0.9354838709677419,
      "recall": 0.8285714285714286,
      "f1-score": 0.8787878787878788,
      "support": 175.0
    },
    "accuracy": 0.9002493765586035,
    "macro avg": {
      "precision": 0.9067663257277734,
      "recall": 0.8921618204804046,
      "f1-score": 0.8970210580380071,
      "support": 401.0
    },
    "weighted avg": {
      "precision": 0.9031139695999968,
      "recall": 0.9002493765586035,
      "f1-score": 0.899339991059844,
      "support": 401.0
    }
  },
  "confusion_matrix": [
    [
      216,
      10
    ],
    [
      30,
      145
    ]
  ],
  "selected_review_threshold": 0.55,
  "top_k": 20,
  "llm_state": null
}