{
  "mode": "llm_review",
  "rows": 401,
  "reviewed_count": 20,
  "corrected_count": 1,
  "recovered_fn": 1,
  "introduced_fp": 0,
  "accuracy": 0.8902743142144638,
  "classification_report": {
    "0": {
      "precision": 0.864,
      "recall": 0.9557522123893806,
      "f1-score": 0.907563025210084,
      "support": 226.0
    },
    "1": {
      "precision": 0.9337748344370861,
      "recall": 0.8057142857142857,
      "f1-score": 0.8650306748466258,
      "support": 175.0
    },
    "accuracy": 0.8902743142144638,
    "macro avg": {
      "precision": 0.898887417218543,
      "recall": 0.8807332490518331,
      "f1-score": 0.8862968500283549,
      "support": 401.0
    },
    "weighted avg": {
      "precision": 0.8944503641558356,
      "recall": 0.8902743142144638,
      "f1-score": 0.8890015256749091,
      "support": 401.0
    }
  },
  "confusion_matrix": [
    [
      216,
      10
    ],
    [
      34,
      141
    ]
  ],
  "selected_review_threshold": 0.55,
  "top_k": 20,
  "llm_state": {
    "model": "models/ensemble.joblib",
    "retriever": "models/retriever.joblib",
    "config": "config.json",
    "top_k_examples": 5,
    "llm_confidence_min": 0.8,
    "allowed_evidence_types": [
      "conspiracy_accusation",
      "sensational_claim",
      "unverified_claim"
    ],
    "min_top1_similarity": 0.35,
    "min_knn5_rumor_ratio": 0.2,
    "strict_objective_protection": true,
    "llm_sleep_seconds": 7.0
  }
}