{
  "fusion_rule": {
    "dedicated_prob_1_min": 0.35,
    "knn_rumor_ratio_top5_min": 0.6,
    "top1_similarity_min_if_top1_label_1": 0.55,
    "transformer_prob_1_min": 0.55,
    "min_suspicious_score": 2
  },
  "has_transformer": false,
  "base_accuracy": 0.8877805486284289,
  "final_accuracy": 0.8628428927680798,
  "base_confusion_matrix": [
    [
      216,
      10
    ],
    [
      35,
      140
    ]
  ],
  "final_confusion_matrix": [
    [
      203,
      23
    ],
    [
      32,
      143
    ]
  ],
  "final_classification_report": {
    "0": {
      "precision": 0.8638297872340426,
      "recall": 0.8982300884955752,
      "f1-score": 0.8806941431670282,
      "support": 226.0
    },
    "1": {
      "precision": 0.8614457831325302,
      "recall": 0.8171428571428572,
      "f1-score": 0.8387096774193549,
      "support": 175.0
    },
    "accuracy": 0.8628428927680798,
    "macro avg": {
      "precision": 0.8626377851832864,
      "recall": 0.8576864728192162,
      "f1-score": 0.8597019102931915,
      "support": 401.0
    },
    "weighted avg": {
      "precision": 0.862789386441612,
      "recall": 0.8628428927680798,
      "f1-score": 0.8623717453968466,
      "support": 401.0
    }
  },
  "changed": 16
}