{
  "rows": 50,
  "high_confidence_threshold": 0.85,
  "llm_calls": 14,
  "local": {
    "accuracy": 0.7,
    "confusion_matrix": [
      [
        28,
        0
      ],
      [
        15,
        7
      ]
    ],
    "classification_report": {
      "0": {
        "precision": 0.6511627906976745,
        "recall": 1.0,
        "f1-score": 0.7887323943661971,
        "support": 28.0
      },
      "1": {
        "precision": 1.0,
        "recall": 0.3181818181818182,
        "f1-score": 0.4827586206896552,
        "support": 22.0
      },
      "accuracy": 0.7,
      "macro avg": {
        "precision": 0.8255813953488372,
        "recall": 0.6590909090909091,
        "f1-score": 0.6357455075279261,
        "support": 50.0
      },
      "weighted avg": {
        "precision": 0.8046511627906977,
        "recall": 0.7,
        "f1-score": 0.6541039339485186,
        "support": 50.0
      }
    }
  },
  "strategy_a_deepseek_if_reviewed": {
    "accuracy": 0.72,
    "confusion_matrix": [
      [
        26,
        2
      ],
      [
        12,
        10
      ]
    ],
    "classification_report": {
      "0": {
        "precision": 0.6842105263157895,
        "recall": 0.9285714285714286,
        "f1-score": 0.7878787878787878,
        "support": 28.0
      },
      "1": {
        "precision": 0.8333333333333334,
        "recall": 0.45454545454545453,
        "f1-score": 0.5882352941176471,
        "support": 22.0
      },
      "accuracy": 0.72,
      "macro avg": {
        "precision": 0.7587719298245614,
        "recall": 0.6915584415584416,
        "f1-score": 0.6880570409982174,
        "support": 50.0
      },
      "weighted avg": {
        "precision": 0.7498245614035087,
        "recall": 0.72,
        "f1-score": 0.7000356506238858,
        "support": 50.0
      }
    }
  },
  "strategy_b_deepseek_if_topk_agree": {
    "accuracy": 0.74,
    "confusion_matrix": [
      [
        28,
        0
      ],
      [
        13,
        9
      ]
    ],
    "classification_report": {
      "0": {
        "precision": 0.6829268292682927,
        "recall": 1.0,
        "f1-score": 0.8115942028985508,
        "support": 28.0
      },
      "1": {
        "precision": 1.0,
        "recall": 0.4090909090909091,
        "f1-score": 0.5806451612903226,
        "support": 22.0
      },
      "accuracy": 0.74,
      "macro avg": {
        "precision": 0.8414634146341464,
        "recall": 0.7045454545454546,
        "f1-score": 0.6961196820944366,
        "support": 50.0
      },
      "weighted avg": {
        "precision": 0.822439024390244,
        "recall": 0.74,
        "f1-score": 0.7099766245909304,
        "support": 50.0
      }
    }
  }
}